{
  "package": {},
  "code": {
    "chat.jinja2": {
      "type": "llm",
      "inputs": {
        "formatted_date": {
          "type": [
            "string"
          ]
        },
        "chat_history": {
          "type": [
            "string"
          ]
        },
        "question": {
          "type": [
            "string"
          ]
        }
      },
      "source": "chat.jinja2",
      "name": "chat.jinja2",
      "toolId": "chat.jinja2"
    },
    "getCurrentTime.py": {
      "type": "python",
      "source": "getCurrentTime.py",
      "function": "my_python_tool",
      "name": "getCurrentTime.py",
      "toolId": "getCurrentTime.py"
    },
    "checkSummaryExec.jinja2": {
      "type": "llm",
      "inputs": {
        "question": {
          "type": [
            "string"
          ]
        }
      },
      "source": "checkSummaryExec.jinja2",
      "name": "checkSummaryExec.jinja2",
      "toolId": "checkSummaryExec.jinja2"
    },
    "checkFinal.jinja2": {
      "type": "llm",
      "inputs": {
        "question": {
          "type": [
            "string"
          ]
        }
      },
      "source": "checkFinal.jinja2",
      "name": "checkFinal.jinja2",
      "toolId": "checkFinal.jinja2"
    }
  }
}