{
  "orientation": "Vertical",
  "nodeLayouts": {
    "inputs": {
      "x": 902.5,
      "y": 42,
      "index": -1
    },
    "outputs": {
      "x": 307.5,
      "y": 444,
      "index": -1
    },
    "chat": {
      "x": 402.5,
      "y": 176,
      "index": 0
    },
    "getCurrentTime": {
      "x": 392.5,
      "y": 42,
      "index": 1
    },
    "checkSummaryExec": {
      "x": 490,
      "y": 310,
      "index": 2
    },
    "checkFinal": {
      "x": 140,
      "y": 310,
      "index": 3
    }
  },
  "viewport": {
    "transformMatrix": [
      0.6738825420626828,
      0,
      0,
      0.6738825420626828,
      -27.89605280712493,
      58.54960904540076
    ]
  }
}